{"offset_steps":-38.159999999999975,"offset_angle":-12.6,"bouncy":false,"size":94.41999999999952}