{"offset_steps":-33.65999999999998,"offset_angle":0,"offset_x":-6.570000000000001,"offset_y":0.09000000000000014,"bouncy":false,"size":97.98999999999995}