{"offset_steps":-44.459999999999965,"offset_angle":-11.190000000000003,"offset_x":-6.150000000000003,"offset_y":-5.190000000000001,"bouncy":false,"size":404.3500000000052}