{"offset_steps":-42.35999999999995,"offset_angle":-9.629999999999997,"bouncy":true,"size":98.7700000000001}