{"offset_steps":-34.91999999999998,"offset_angle":-16.56,"bouncy":false,"size":91.41999999999962}